usagedate,facebook,pinterest,instagram,linkedIn,twitter,snapchat,youTube,whatsApp,reddit,tikTok,nextdoor
2012-08-05,0.54,0.10,0.09,0.16,0.13,,,,,,
2012-08-07,,,,,0.14,,,,,,
2012-12-09,,0.13,0.11,,0.13,,,,,,
2012-12-16,0.57,,,,,,,,,,
2013-05-19,,,,,0.15,,,,,,
2013-07-14,,,,,0.16,,,,,,
2013-09-16,0.57,0.17,0.14,0.17,0.14,,,,,,
2013-09-30,,,,,0.16,,,,,,
2014-01-26,,,,,0.16,,,,,,
2014-09-21,0.58,0.22,0.21,0.23,0.19,,,,,,
2015-04-12,0.62,0.26,0.24,0.22,0.20,,,,,,
2016-04-04,0.68,0.26,0.28,0.25,0.21,,,,,,
2018-01-10,0.68,0.29,0.35,0.25,0.24,0.27,0.73,0.22,,,
2019-02-07,0.69,0.28,0.37,0.27,0.22,0.24,0.73,0.20,0.11,,
2021-02-08,0.69,0.31,0.40,0.28,0.23,0.25,0.81,0.23,0.18,0.21,0.13
